"title","filename","URL"
"Stem Cell Health and Tissue Regeneration in Microgravity","Stem cell Health & Tissue Regenration in MicroGravity.pdf","https://pmc.ncbi.nlm.nih.gov/articles/PMC11988870/pdf/ijms-26-03058.pdf"
"Pectin methylesterification impacts the relationship between photosynthesis and plant growth.","Pectin meth relationship bw photosynthesis and plant growth.pdf","https://pmc.ncbi.nlm.nih.gov/articles/PMC4902601/pdf/PP_PP201600173R1.pdf"
"Impacts of radiation exposure, hindlimb unloading, and recovery on murine skeletal muscle cell telomere length.","Impact of Radiation Exposure.pdf","https://pmc.ncbi.nlm.nih.gov/articles/PMC10504369/pdf/41526_2023_Article_303.pdf"
"Root growth movements: Waving and skewing.","Root Growth mov Skewing.pdf","https://pmc.ncbi.nlm.nih.gov/articles/PMC5387210/pdf/12870_2017_Article_1024.pdf"
"NASA GeneLab platform utilized for biological response to space radiation in animal models","Genlab Platform for space radiation in animal modules.pdf","https://pmc.ncbi.nlm.nih.gov/articles/PMC7072278/pdf/cancers-12-00381.pdf"
"Conducting plant experiments in space and on the Moon","Plant expands in moon.pdf","https://pmc.ncbi.nlm.nih.gov/articles/PMC10764921/pdf/41598_2023_Article_49680.pdf"
"Spaceflight Activates Lipotoxic Pathways in Mouse Liver","mouse-liver-in-space.pdf","https://pmc.ncbi.nlm.nih.gov/articles/PMC6915713/pdf/41598_2019_Article_55869.pdf"
"Adaptive Changes in the Vestibular System of Land Snail to a 30-Day Spaceflight and Readaptation on Return to Earth","land-space-in-flight.pdf","https://pmc.ncbi.nlm.nih.gov/articles/PMC5672023/pdf/fncel-11-00348.pdf"
"Effects of spaceflight on the immunoglobulin repertoire of unimmunized C57BL/6 mice","immunoglobin-in-space.pdf","https://pmc.ncbi.nlm.nih.gov/articles/PMC5826609/pdf/nihms928411.pdf"
"An Analysis of the Effects of Spaceflight and Vaccination on Antibody Repertoire Diversity","vaccination-in-space.pdf","https://pmc.ncbi.nlm.nih.gov/articles/PMC10996920/pdf/nihms-1980322.pdf"